{"cameraMode":{"drawMode":0,"name":"Shaded","section":"Shading Mode"},"sceneLighting":false,"audioPlay":false,"sceneViewState":{"showFog":true,"showMaterialUpdate":false,"showSkybox":false,"showFlares":true,"showImageEffects":true,"showParticleSystems":true},"in2DMode":false,"pivot":{"x":12.928413391113282,"y":-1.2347736358642579,"z":-12.70030403137207},"rotation":{"x":-0.1274346560239792,"y":-0.7315155863761902,"z":0.142447367310524,"w":-0.6545108556747437},"size":22.469566345214845,"orthographic":false}