{"cameraMode":{"drawMode":0,"name":"Shaded","section":"Shading Mode"},"sceneLighting":false,"audioPlay":false,"sceneViewState":{"showFog":true,"showMaterialUpdate":false,"showSkybox":false,"showFlares":true,"showImageEffects":true,"showParticleSystems":true},"in2DMode":false,"pivot":{"x":0.3883235454559326,"y":8.760422706604004,"z":2.7479605674743654},"rotation":{"x":-0.00447339890524745,"y":0.9761699438095093,"z":-0.21604686975479127,"w":-0.02020844630897045},"size":12.419587135314942,"orthographic":false}