{"cameraMode":{"drawMode":0,"name":"Shaded","section":"Shading Mode"},"sceneLighting":false,"audioPlay":false,"sceneViewState":{"showFog":true,"showMaterialUpdate":false,"showSkybox":false,"showFlares":true,"showImageEffects":true,"showParticleSystems":true},"in2DMode":false,"pivot":{"x":0.0026028454303741457,"y":0.9442859888076782,"z":-0.03428053855895996},"rotation":{"x":-0.01131581049412489,"y":0.9822955131530762,"z":-0.17601919174194337,"w":-0.06314954161643982},"size":0.9505142569541931,"orthographic":false}