{"cameraMode":{"drawMode":0,"name":"Shaded","section":"Shading Mode"},"sceneLighting":true,"audioPlay":false,"sceneViewState":{"showFog":true,"showMaterialUpdate":false,"showSkybox":true,"showFlares":true,"showImageEffects":true,"showParticleSystems":true},"in2DMode":false,"pivot":{"x":326.6100158691406,"y":-268.3469543457031,"z":434.4454040527344},"rotation":{"x":-0.27926069498062136,"y":0.6430079936981201,"z":-0.2724737823009491,"w":-0.6590255498886108},"size":279.0092468261719,"orthographic":false}