{"cameraMode":{"drawMode":0,"name":"Shaded","section":"Shading Mode"},"sceneLighting":true,"audioPlay":false,"sceneViewState":{"showFog":true,"showMaterialUpdate":false,"showSkybox":true,"showFlares":true,"showImageEffects":true,"showParticleSystems":true},"in2DMode":false,"pivot":{"x":396.8544921875,"y":142.98104858398438,"z":78.73726654052735},"rotation":{"x":0.5000709891319275,"y":-0.1627022624015808,"z":0.09626565128564835,"w":0.8451091051101685},"size":37.9006233215332,"orthographic":false}