{"cameraMode":{"drawMode":0,"name":"Shaded","section":"Shading Mode"},"sceneLighting":false,"audioPlay":false,"sceneViewState":{"showFog":true,"showMaterialUpdate":false,"showSkybox":false,"showFlares":true,"showImageEffects":true,"showParticleSystems":true},"in2DMode":false,"pivot":{"x":549.8572998046875,"y":85.44778442382813,"z":3.148988723754883},"rotation":{"x":-0.3369154930114746,"y":0.12433752417564392,"z":-0.04493776336312294,"w":-0.9322065711021423},"size":1.3580172061920167,"orthographic":false}